{"cameraMode":{"drawMode":0,"name":"Shaded","section":"Shading Mode"},"sceneLighting":true,"audioPlay":false,"sceneViewState":{"m_AlwaysRefresh":false,"showFog":true,"showSkybox":true,"showFlares":true,"showImageEffects":true,"showParticleSystems":true,"showVisualEffectGraphs":true,"m_FxEnabled":true},"in2DMode":false,"pivot":{"x":0.40318751335144045,"y":0.29883623123168948,"z":2.97765851020813},"rotation":{"x":0.2431367039680481,"y":0.20474812388420106,"z":-0.05258564651012421,"w":0.9466782212257385},"size":2.0244498252868654,"orthographic":false}